{"DefaultTint":{"r":0.6000000238418579,"g":0.6000000238418579,"b":0.699999988079071,"a":0.699999988079071},"FoldersData":{"Keys":["e130a7bd8492ffd45a0d80e1e72948b6","7a2bf51de0f08c247b7619f2a17205c1"],"Values":[{"_guid":"e130a7bd8492ffd45a0d80e1e72948b6","_color":{"r":0.800000011920929,"g":0.24000000953674317,"b":0.762015700340271,"a":0.699999988079071},"_recursive":true},{"_guid":"7a2bf51de0f08c247b7619f2a17205c1","_color":{"r":0.8000000715255737,"g":0.2392157018184662,"b":0.760784387588501,"a":0.699999988079071},"_recursive":true}]}}